accuracy,precision,recall,f1,roc_auc,pr_auc
0.853436543041851,0.05585436491518411,0.8980044345898004,0.10516748896390547,0.9520756175973032,0.29194740657262314
