accuracy,precision,recall,f1,roc_auc,pr_auc
0.9789894521946241,0.18299881936245574,0.3436807095343681,0.23882896764252695,0.9217129411267331,0.2165697296853042
