accuracy,precision,recall,f1
0.9546260191421482,0.3,0.12272727272727273,0.17419354838709677
