accuracy,precision,recall,f1
0.9592343140730237,0.4074074074074074,0.1,0.16058394160583941
